{"dim": "x", "coef_center": [-32.98697266579833, 0.9815192771367827], "coef_radius": [4.3725995146427007e-05, -0.055774350239054284, -1.7671008468153717e-05]}