{"dim": "y", "coef_center": [3.7191508897617696, 0.001828293841949428, 0.9566592873653716], "coef_radius": [2.6930782284455518e-05, -0.018216771318027514, -0.4286795154270555, -0.0001471081618709528, -5.9936543007099006e-06, 0.00012182066539727365]}