{"dim": "yaw", "coef_center": [0.0005041409361202243, -1.7815380101757378e-07, 0.9984695484662123], "coef_radius": [5.162547446095516e-09, -6.711165518595612e-06, -3.829958962089219e-10, 6.818787030710505e-07, -2.1263714599771767e-09, 9.389020241213563e-11]}