{"dim": "z", "coef_center": [1.5814387284588878, 0.0004218507932145093, 0.9838793945159955], "coef_radius": [0.007957674583508378, -0.02164824761345585, -0.47849656845937716, -0.0005156939404988847, -1.422349947388657e-05, -0.004361654069029441]}