{"dim": "pitch", "coef_center": [0.0006806710207162239, 2.576265329376871e-07, 1.0028268102102682], "coef_radius": [0.003761406742573102, -3.8115355080941887e-06, -1.0370414923562969e-08, 2.4702379262455922e-05, -1.2944416590145656e-09, 7.64130446431236e-10]}